date/time,settlement id,type,order id,Sku,description,quantity,marketplace,account type,fulfillment,order city,order state,order postal,product sales,shipping credits,gift wrap credits,promotional rebates,Total sales tax liable(GST before adjusting TCS),TCS-CGST,TCS-SGST,TCS-IGST,TDS (Section 194-O),selling fees,fba fees,other transaction fees,other,total
31 Oct 2025 10:53:28 pm UTC,25882500312,Shipping Services,405-1013581-8433904,,Amazon Easy Ship Weight Handling Fee Reversal,,Amazon.in,Cash On Delivery Transactions and Non-Transactional Fees,,,,,0,0,0,0,0,0,0,0,0,0,0,76.7,0,76.7
31 Oct 2025 11:08:25 pm UTC,25882500312,Refund,405-1013581-8433904,E7-J9WL-9B1N,"KEAT Hand Feeding Formula with Syringe for All Baby Birds - 250 Gram | Natural Bird Feeding | Hand Rearing Powder Food for Cockatiel, Lovebirds, Parro",1,amazon.in,Cash On Delivery Transactions and Non-Transactional Fees,Merchant,delhi,DELHI,110041,-240,0,0,0,0,0,0,0,0,0,0,7.08,0,-232.92
1 Nov 2025 12:44:14 am UTC,25882200532,Transfer,,,To account ending with: 384,,,Electronic Transactions (Credit Card/Net Banking/GC),,,,,0,0,0,0,0,0,0,0,0,0,0,0,-605.46,-605.46
1 Nov 2025 8:45:48 am UTC,25882500312,Shipping Services,406-8011790-0858751,,Easy Ship weight handling fees,,Amazon.in,Cash On Delivery Transactions and Non-Transactional Fees,Merchant,,,,0,0,0,0,0,0,0,0,0,0,0,-76.7,0,-76.7
1 Nov 2025 8:46:02 am UTC,25882200532,Shipping Services,406-1610359-3847560,,Easy Ship weight handling fees,,Amazon.in,Electronic Transactions (Credit Card/Net Banking/GC),Merchant,,,,0,0,0,0,0,0,0,0,0,0,0,-76.7,0,-76.7
1 Nov 2025 9:01:23 am UTC,25882500312,Order,406-8011790-0858751,2I-2UOE-E5XV,"KEAT Hand Feeding Formula with Syringe for All Baby Birds - 250 Gram | Natural Bird Feeding | Hand Rearing Powder Food for Cockatiel, Lovebirds, Parro",1,amazon.in,Cash On Delivery Transactions and Non-Transactional Fees,Merchant,PURANPUR,UTTAR PRADESH,262122,240,0,0,-24,0,0,0,0,0,0,0,-7.08,0,208.92
1 Nov 2025 9:01:33 am UTC,25882200532,Order,406-1610359-3847560,Calcium_Granules,"Natural Calcium Granules for All Birds 250 Grams | Calcium Granules for Parrots, Parakeets, Cockatiels, Pigeons Little Cage Birds, Budgerigars, Lovebi",1,amazon.in,Electronic Transactions (Credit Card/Net Banking/GC),Merchant,New Delhi,DELHI,110045,180,0,0,0,0,0,0,0,0,0,0,-7.08,0,172.92
1 Nov 2025 4:08:25 pm UTC,25882500312,Shipping Services,171-0358131-0844367,,Amazon Easy Ship Weight Handling Fee Reversal,,Amazon.in,Cash On Delivery Transactions and Non-Transactional Fees,,,,,0,0,0,0,0,0,0,0,0,0,0,76.7,0,76.7
1 Nov 2025 4:22:45 pm UTC,25882500312,Refund,171-0358131-0844367,2I-2UOE-E5XV,"KEAT Hand Feeding Formula with Syringe for All Baby Birds - 250 Gram | Natural Bird Feeding | Hand Rearing Powder Food for Cockatiel, Lovebirds, Parro",1,amazon.in,Cash On Delivery Transactions and Non-Transactional Fees,Merchant,JAMMU,JAMMU & KASHMIR,181111,-239,0,0,0,0,0,0,0,0,0,0,7.08,0,-231.92
1 Nov 2025 10:23:17 pm UTC,25882200532,Service Fee,,,Cost of Advertising,,,Electronic Transactions (Credit Card/Net Banking/GC),,,,,0,0,0,0,0,0,0,0,0,0,0,"-1,580.54",-284.5,"-1,865.04"
2 Nov 2025 10:47:44 am UTC,25882500312,Refund,171-1403824-8284337,Hand-Feeding-Feedings-Pack-4,"KEAT Bird Feeding Syringe 6ml with Curved Tip | Hand Feeding Tool for Birds, Parrots, Pigeons, Lovebirds & Small Pets | Reusable, Durable & Easy to Cl",1,amazon.in,Cash On Delivery Transactions and Non-Transactional Fees,Merchant,COIMBATORE,TAMIL NADU,641007,-199,0,0,0,0,0,0,0,0,-53.1,0,7.08,0,-245.02
3 Nov 2025 10:24:01 am UTC,25882200532,Shipping Services,407-0044974-1824342,,Easy Ship weight handling fees,,Amazon.in,Electronic Transactions (Credit Card/Net Banking/GC),Merchant,,,,0,0,0,0,0,0,0,0,0,0,0,-76.7,0,-76.7
3 Nov 2025 10:39:01 am UTC,25882200532,Order,407-0044974-1824342,2I-2UOE-E5XV,"KEAT Hand Feeding Formula with Syringe for All Baby Birds - 250 Gram | Natural Bird Feeding | Hand Rearing Powder Food for Cockatiel, Lovebirds, Parro",1,amazon.in,Electronic Transactions (Credit Card/Net Banking/GC),Merchant,BHARATPUR,RAJASTHAN,321001,240,0,0,0,0,0,0,0,0,0,0,-7.08,0,232.92
3 Nov 2025 11:49:03 am UTC,25882200532,Shipping Services,404-7892195-8092357,,Easy Ship weight handling fees,,Amazon.in,Electronic Transactions (Credit Card/Net Banking/GC),Merchant,,,,0,0,0,0,0,0,0,0,0,0,0,-71.98,0,-71.98
3 Nov 2025 11:49:06 am UTC,25882200532,Shipping Services,404-1816834-8610763,,Easy Ship weight handling fees,,Amazon.in,Electronic Transactions (Credit Card/Net Banking/GC),Merchant,,,,0,0,0,0,0,0,0,0,0,0,0,-71.98,0,-71.98
3 Nov 2025 11:49:13 am UTC,25882200532,Shipping Services,404-0245522-9729963,,Easy Ship weight handling fees,,Amazon.in,Electronic Transactions (Credit Card/Net Banking/GC),Merchant,,,,0,0,0,0,0,0,0,0,0,0,0,-71.98,0,-71.98
3 Nov 2025 12:04:57 pm UTC,25882200532,Order,404-0245522-9729963,E7-J9WL-9B1N,"KEAT Hand Feeding Formula with Syringe for All Baby Birds - 250 Gram | Natural Bird Feeding | Hand Rearing Powder Food for Cockatiel, Lovebirds, Parro",1,amazon.in,Electronic Transactions (Credit Card/Net Banking/GC),Merchant,Modinagar,UTTAR PRADESH,201201,240,0,0,0,0,0,0,0,0,0,0,-7.08,0,232.92
3 Nov 2025 12:05:33 pm UTC,25882200532,Order,404-7892195-8092357,Calcium_Granules,"Natural Calcium Granules for All Birds 250 Grams | Calcium Granules for Parrots, Parakeets, Cockatiels, Pigeons Little Cage Birds, Budgerigars, Lovebi",1,amazon.in,Electronic Transactions (Credit Card/Net Banking/GC),Merchant,LUDHIANA,PUNJAB,141001,180,0,0,-9,0,0,0,0,0,0,0,-7.08,0,163.92
3 Nov 2025 12:05:36 pm UTC,25882200532,Order,404-1816834-8610763,Hand-Feeding-Feedings-Pack-4,"KEAT Bird Feeding Syringe 6ml with Curved Tip | Hand Feeding Tool for Birds, Parrots, Pigeons, Lovebirds & Small Pets | Reusable, Durable & Easy to Cl",1,amazon.in,Electronic Transactions (Credit Card/Net Banking/GC),Merchant,ELURU,ANDHRA PRADESH,534007,199,0,0,0,0,0,0,0,0,0,0,-7.08,0,191.92
4 Nov 2025 7:39:30 am UTC,25882200532,Shipping Services,407-7741051-5456362,,Easy Ship weight handling fees,,Amazon.in,Electronic Transactions (Credit Card/Net Banking/GC),Merchant,,,,0,0,0,0,0,0,0,0,0,0,0,-76.7,0,-76.7
4 Nov 2025 7:55:53 am UTC,25882200532,Order,407-7741051-5456362,2I-2UOE-E5XV,"KEAT Hand Feeding Formula with Syringe for All Baby Birds - 250 Gram | Natural Bird Feeding | Hand Rearing Powder Food for Cockatiel, Lovebirds, Parro",1,amazon.in,Electronic Transactions (Credit Card/Net Banking/GC),Merchant,Malaga valavu,KERALA,680567,240,0,0,0,0,0,0,0,0,0,0,-7.08,0,232.92
5 Nov 2025 3:50:51 am UTC,25882500312,Shipping Services,402-9275351-0465950,,Amazon Easy Ship Weight Handling Fee Reversal,,Amazon.in,Cash On Delivery Transactions and Non-Transactional Fees,,,,,0,0,0,0,0,0,0,0,0,0,0,76.7,0,76.7
5 Nov 2025 4:05:17 am UTC,25882500312,Refund,402-9275351-0465950,Hand-Feeding-Feedings-Pack-4,"KEAT Bird Feeding Syringe 6ml with Curved Tip | Hand Feeding Tool for Birds, Parrots, Pigeons, Lovebirds & Small Pets | Reusable, Durable & Easy to Cl",1,amazon.in,Cash On Delivery Transactions and Non-Transactional Fees,Merchant,CHENNAI,TAMIL NADU,600125,-199,0,0,0,0,0,0,0,0,0,0,7.08,0,-191.92
5 Nov 2025 7:52:58 pm UTC,25882500312,Shipping Services,405-4571500-7994748,,Amazon Easy Ship Weight Handling Fee Reversal,,Amazon.in,Cash On Delivery Transactions and Non-Transactional Fees,,,,,0,0,0,0,0,0,0,0,0,0,0,71.98,0,71.98
5 Nov 2025 8:07:49 pm UTC,25882500312,Refund,405-4571500-7994748,2I-2UOE-E5XV,"KEAT Hand Feeding Formula with Syringe for All Baby Birds - 250 Gram | Natural Bird Feeding | Hand Rearing Powder Food for Cockatiel, Lovebirds, Parro",1,amazon.in,Cash On Delivery Transactions and Non-Transactional Fees,Merchant,BARASAT,WEST BENGAL,700128,-239,0,0,0,0,0,0,0,0,0,0,7.08,0,-231.92
6 Nov 2025 10:53:13 am UTC,25882500312,Shipping Services,407-7075160-3413114,,Easy Ship weight handling fees,,Amazon.in,Cash On Delivery Transactions and Non-Transactional Fees,Merchant,,,,0,0,0,0,0,0,0,0,0,0,0,-76.7,0,-76.7
6 Nov 2025 10:53:18 am UTC,25882200532,Shipping Services,404-5092265-9572339,,Easy Ship weight handling fees,,Amazon.in,Electronic Transactions (Credit Card/Net Banking/GC),Merchant,,,,0,0,0,0,0,0,0,0,0,0,0,-76.7,0,-76.7
6 Nov 2025 10:53:29 am UTC,25882500312,Shipping Services,402-3274974-5150740,,Easy Ship weight handling fees,,Amazon.in,Cash On Delivery Transactions and Non-Transactional Fees,Merchant,,,,0,0,0,0,0,0,0,0,0,0,0,-76.7,0,-76.7
6 Nov 2025 10:53:31 am UTC,25882200532,Shipping Services,407-9771240-7489956,,Easy Ship weight handling fees,,Amazon.in,Electronic Transactions (Credit Card/Net Banking/GC),Merchant,,,,0,0,0,0,0,0,0,0,0,0,0,-76.7,0,-76.7
6 Nov 2025 10:53:53 am UTC,25882200532,Shipping Services,402-9082060-9641157,,Easy Ship weight handling fees,,Amazon.in,Electronic Transactions (Credit Card/Net Banking/GC),Merchant,,,,0,0,0,0,0,0,0,0,0,0,0,-76.7,0,-76.7
6 Nov 2025 11:08:40 am UTC,25882200532,Order,404-5092265-9572339,E7-J9WL-9B1N,"KEAT Hand Feeding Formula with Syringe for All Baby Birds - 250 Gram | Natural Bird Feeding | Hand Rearing Powder Food for Cockatiel, Lovebirds, Parro",1,amazon.in,Electronic Transactions (Credit Card/Net Banking/GC),Merchant,Arni,MAHARASHTRA,445103,240,0,0,-12,0,0,0,0,0,0,0,-7.08,0,220.92
6 Nov 2025 11:08:43 am UTC,25882200532,Order,407-9771240-7489956,Calcium_Granules,"Natural Calcium Granules for All Birds 250 Grams | Calcium Granules for Parrots, Parakeets, Cockatiels, Pigeons Little Cage Birds, Budgerigars, Lovebi",1,amazon.in,Electronic Transactions (Credit Card/Net Banking/GC),Merchant,CHENNAI,TAMIL NADU,600020,180,0,0,0,0,0,0,0,0,0,0,-7.08,0,172.92
6 Nov 2025 11:08:47 am UTC,25882500312,Order,407-7075160-3413114,Calcium_Granules,"Natural Calcium Granules for All Birds 250 Grams | Calcium Granules for Parrots, Parakeets, Cockatiels, Pigeons Little Cage Birds, Budgerigars, Lovebi",1,amazon.in,Cash On Delivery Transactions and Non-Transactional Fees,Merchant,DIMAPUR,NAGALAND,797112,180,0,0,-9,0,0,0,0,0,0,0,-7.08,0,163.92
6 Nov 2025 11:08:56 am UTC,25882200532,Order,402-9082060-9641157,E7-J9WL-9B1N,"KEAT Hand Feeding Formula with Syringe for All Baby Birds - 250 Gram | Natural Bird Feeding | Hand Rearing Powder Food for Cockatiel, Lovebirds, Parro",1,amazon.in,Electronic Transactions (Credit Card/Net Banking/GC),Merchant,IMPHAL,MANIPUR,795001,240,0,0,0,0,0,0,0,0,0,0,-7.08,0,232.92
6 Nov 2025 11:09:09 am UTC,25882500312,Order,402-3274974-5150740,2I-2UOE-E5XV,"KEAT Hand Feeding Formula with Syringe for All Baby Birds - 250 Gram | Natural Bird Feeding | Hand Rearing Powder Food for Cockatiel, Lovebirds, Parro",1,amazon.in,Cash On Delivery Transactions and Non-Transactional Fees,Merchant,LUCKNOW,UTTAR PRADESH,226021,240,0,0,0,0,0,0,0,0,0,0,-7.08,0,232.92
7 Nov 2025 11:19:38 am UTC,25925222142,Shipping Services,407-3615155-5591562,,Easy Ship weight handling fees,,Amazon.in,Electronic Transactions (Credit Card/Net Banking/GC),Merchant,,,,0,0,0,0,0,0,0,0,0,0,0,-76.7,0,-76.7
7 Nov 2025 11:19:42 am UTC,25925222142,Shipping Services,404-9668047-2026739,,Easy Ship weight handling fees,,Amazon.in,Electronic Transactions (Credit Card/Net Banking/GC),Merchant,,,,0,0,0,0,0,0,0,0,0,0,0,-76.7,0,-76.7
7 Nov 2025 11:19:44 am UTC,25925000782,Shipping Services,407-2226912-0969151,,Easy Ship weight handling fees,,Amazon.in,Cash On Delivery Transactions and Non-Transactional Fees,Merchant,,,,0,0,0,0,0,0,0,0,0,0,0,-76.7,0,-76.7
7 Nov 2025 11:19:45 am UTC,25925222142,Shipping Services,404-2602081-0389100,,Easy Ship weight handling fees,,Amazon.in,Electronic Transactions (Credit Card/Net Banking/GC),Merchant,,,,0,0,0,0,0,0,0,0,0,0,0,-76.7,0,-76.7
7 Nov 2025 11:20:15 am UTC,25925222142,Shipping Services,406-5783400-1949927,,Easy Ship weight handling fees,,Amazon.in,Electronic Transactions (Credit Card/Net Banking/GC),Merchant,,,,0,0,0,0,0,0,0,0,0,0,0,-76.7,0,-76.7
7 Nov 2025 11:35:11 am UTC,25925000782,Order,407-2226912-0969151,E7-J9WL-9B1N,"KEAT Hand Feeding Formula with Syringe for All Baby Birds - 250 Gram | Natural Bird Feeding | Hand Rearing Powder Food for Cockatiel, Lovebirds, Parro",1,amazon.in,Cash On Delivery Transactions and Non-Transactional Fees,Merchant,P GANNAVARAM,ANDHRA PRADESH,533240,240,0,0,0,0,0,0,0,0,0,0,-7.08,0,232.92
7 Nov 2025 11:35:24 am UTC,25925222142,Order,404-9668047-2026739,Hand-Feeding-Feedings-Pack-2,"KEAT Bird Feeding Syringe 6ml with Curved Tip | Hand Feeding Tool for Birds, Parrots, Pigeons & Small Pets | Reusable & Easy to Clean Bird Feeder",1,amazon.in,Electronic Transactions (Credit Card/Net Banking/GC),Merchant,NANDED WAGHALA,MAHARASHTRA,431605,149,0,0,-7.45,0,0,0,0,0,0,0,-7.08,0,134.47
7 Nov 2025 11:35:43 am UTC,25925222142,Order,406-5783400-1949927,2I-2UOE-E5XV,"KEAT Hand Feeding Formula with Syringe for All Baby Birds - 250 Gram | Natural Bird Feeding | Hand Rearing Powder Food for Cockatiel, Lovebirds, Parro",1,amazon.in,Electronic Transactions (Credit Card/Net Banking/GC),Merchant,JALNA,MAHARASHTRA,431203,240,0,0,-12,0,0,0,0,0,0,0,-7.08,0,220.92
7 Nov 2025 11:35:46 am UTC,25925222142,Order,404-2602081-0389100,E7-J9WL-9B1N,"KEAT Hand Feeding Formula with Syringe for All Baby Birds - 250 Gram | Natural Bird Feeding | Hand Rearing Powder Food for Cockatiel, Lovebirds, Parro",1,amazon.in,Electronic Transactions (Credit Card/Net Banking/GC),Merchant,MADHURAWADA,ANDHRA PRADESH,530048,240,0,0,0,0,0,0,0,0,0,0,-7.08,0,232.92
7 Nov 2025 11:35:56 am UTC,25925222142,Order,407-3615155-5591562,E7-J9WL-9B1N,"KEAT Hand Feeding Formula with Syringe for All Baby Birds - 250 Gram | Natural Bird Feeding | Hand Rearing Powder Food for Cockatiel, Lovebirds, Parro",1,amazon.in,Electronic Transactions (Credit Card/Net Banking/GC),Merchant,MUMBAI,MAHARASHTRA,400059,240,0,0,-12,0,0,0,0,0,0,0,-7.08,0,220.92
8 Nov 2025 12:36:57 am UTC,25925000782,Transfer,,,To account ending with: 384,,,Cash On Delivery Transactions and Non-Transactional Fees,,,,,0,0,0,0,0,0,0,0,0,0,0,0,-494.42,-494.42
8 Nov 2025 11:22:22 am UTC,25925222142,Shipping Services,403-3553965-7710724,,Easy Ship weight handling fees,,Amazon.in,Electronic Transactions (Credit Card/Net Banking/GC),Merchant,,,,0,0,0,0,0,0,0,0,0,0,0,-76.7,0,-76.7
8 Nov 2025 11:22:35 am UTC,25925222142,Shipping Services,171-5148202-5487557,,Easy Ship weight handling fees,,Amazon.in,Electronic Transactions (Credit Card/Net Banking/GC),Merchant,,,,0,0,0,0,0,0,0,0,0,0,0,-76.7,0,-76.7
8 Nov 2025 11:37:29 am UTC,25925222142,Order,171-5148202-5487557,E7-J9WL-9B1N,"KEAT Hand Feeding Formula with Syringe for All Baby Birds - 250 Gram | Natural Bird Feeding | Hand Rearing Powder Food for Cockatiel, Lovebirds, Parro",1,amazon.in,Electronic Transactions (Credit Card/Net Banking/GC),Merchant,BENGALURU,KARNATAKA,560032,240,0,0,0,0,0,0,0,0,0,0,-7.08,0,232.92
8 Nov 2025 11:37:39 am UTC,25925222142,Order,403-3553965-7710724,E7-J9WL-9B1N,"KEAT Hand Feeding Formula with Syringe for All Baby Birds - 250 Gram | Natural Bird Feeding | Hand Rearing Powder Food for Cockatiel, Lovebirds, Parro",1,amazon.in,Electronic Transactions (Credit Card/Net Banking/GC),Merchant,Moga,PUNJAB,142053,240,0,0,0,0,0,0,0,0,0,0,-7.08,0,232.92
8 Nov 2025 12:20:19 pm UTC,25925000782,Service Fee,,,Subscription,,Amazon.in,Cash On Delivery Transactions and Non-Transactional Fees,,,,,0,0,0,0,0,0,0,0,0,0,0,0,0,0
9 Nov 2025 8:18:51 am UTC,25925000782,Shipping Services,402-2655884-3703501,,Easy Ship weight handling fees,,Amazon.in,Cash On Delivery Transactions and Non-Transactional Fees,Merchant,,,,0,0,0,0,0,0,0,0,0,0,0,-71.98,0,-71.98
9 Nov 2025 8:34:57 am UTC,25925000782,Order,402-2655884-3703501,2I-2UOE-E5XV,"KEAT Hand Feeding Formula with Syringe for All Baby Birds - 250 Gram | Natural Bird Feeding | Hand Rearing Powder Food for Cockatiel, Lovebirds, Parro",1,amazon.in,Cash On Delivery Transactions and Non-Transactional Fees,Merchant,Peddapuram,ANDHRA PRADESH,533437,240,0,0,0,0,0,0,0,0,0,0,-7.08,0,232.92
11 Nov 2025 10:24:36 am UTC,25925222142,Shipping Services,171-1140306-2048350,,Easy Ship weight handling fees,,Amazon.in,Electronic Transactions (Credit Card/Net Banking/GC),Merchant,,,,0,0,0,0,0,0,0,0,0,0,0,-76.7,0,-76.7
11 Nov 2025 10:24:40 am UTC,25925000782,Shipping Services,406-6540081-1009116,,Easy Ship weight handling fees,,Amazon.in,Cash On Delivery Transactions and Non-Transactional Fees,Merchant,,,,0,0,0,0,0,0,0,0,0,0,0,-76.7,0,-76.7
11 Nov 2025 10:25:31 am UTC,25925000782,Shipping Services,406-2509616-5206716,,Easy Ship weight handling fees,,Amazon.in,Cash On Delivery Transactions and Non-Transactional Fees,Merchant,,,,0,0,0,0,0,0,0,0,0,0,0,-76.7,0,-76.7
11 Nov 2025 10:25:31 am UTC,25925222142,Shipping Services,405-7300722-0648301,,Easy Ship weight handling fees,,Amazon.in,Electronic Transactions (Credit Card/Net Banking/GC),Merchant,,,,0,0,0,0,0,0,0,0,0,0,0,-76.7,0,-76.7
11 Nov 2025 10:40:45 am UTC,25925222142,Order,405-7300722-0648301,Calcium_Granules,"Natural Calcium Granules for All Birds 250 Grams | Calcium Granules for Parrots, Parakeets, Cockatiels, Pigeons Little Cage Birds, Budgerigars, Lovebi",1,amazon.in,Electronic Transactions (Credit Card/Net Banking/GC),Merchant,PALGHAR,MAHARASHTRA,401404,180,0,0,-9,0,0,0,0,0,0,0,-7.08,0,163.92
11 Nov 2025 10:40:58 am UTC,25925222142,Order,171-1140306-2048350,E7-J9WL-9B1N,"KEAT Hand Feeding Formula with Syringe for All Baby Birds - 250 Gram | Natural Bird Feeding | Hand Rearing Powder Food for Cockatiel, Lovebirds, Parro",1,amazon.in,Electronic Transactions (Credit Card/Net Banking/GC),Merchant,NEEMRANA,RAJASTHAN,301705,240,0,0,0,0,0,0,0,0,0,0,-7.08,0,232.92
11 Nov 2025 10:41:08 am UTC,25925000782,Order,406-2509616-5206716,Hand-Feeding-Feedings-Pack-4,"KEAT Bird Feeding Syringe 6ml with Curved Tip | Hand Feeding Tool for Birds, Parrots, Pigeons, Lovebirds & Small Pets | Reusable, Durable & Easy to Cl",1,amazon.in,Cash On Delivery Transactions and Non-Transactional Fees,Merchant,BENGALURU,KARNATAKA,560096,199,0,0,-9.95,0,0,0,0,0,0,0,-7.08,0,181.97
11 Nov 2025 10:41:43 am UTC,25925000782,Order,406-6540081-1009116,Calcium_Granules,"Natural Calcium Granules for All Birds 250 Grams | Calcium Granules for Parrots, Parakeets, Cockatiels, Pigeons Little Cage Birds, Budgerigars, Lovebi",1,amazon.in,Cash On Delivery Transactions and Non-Transactional Fees,Merchant,JALANDHAR,PUNJAB,144001,180,0,0,0,0,0,0,0,0,0,0,-7.08,0,172.92
11 Nov 2025 1:42:27 pm UTC,25925000782,Shipping Services,407-4190250-9073165,,Easy Ship weight handling fees,,Amazon.in,Cash On Delivery Transactions and Non-Transactional Fees,Merchant,,,,0,0,0,0,0,0,0,0,0,0,0,-76.7,0,-76.7
11 Nov 2025 1:57:55 pm UTC,25925000782,Order,407-4190250-9073165,E7-J9WL-9B1N,"KEAT Hand Feeding Formula with Syringe for All Baby Birds - 250 Gram | Natural Bird Feeding | Hand Rearing Powder Food for Cockatiel, Lovebirds, Parro",1,amazon.in,Cash On Delivery Transactions and Non-Transactional Fees,Merchant,CHANDIGARH,CHANDIGARH,160036,240,0,0,0,0,0,0,0,0,0,0,-7.08,0,232.92
15 Nov 2025 12:37:51 am UTC,25964621062,Transfer,,,To account ending with: 384,,,Cash On Delivery Transactions and Non-Transactional Fees,,,,,0,0,0,0,0,0,0,0,0,0,0,0,-308.9,-308.9
15 Nov 2025 12:39:53 am UTC,25964654562,Transfer,,,To account ending with: 384,,,Electronic Transactions (Credit Card/Net Banking/GC),,,,,0,0,0,0,0,0,0,0,0,0,0,0,"-1,279.21","-1,279.21"
16 Nov 2025 2:53:41 am UTC,25964621062,Shipping Services,407-2226912-0969151,,Amazon Easy Ship Weight Handling Fee Reversal,,Amazon.in,Cash On Delivery Transactions and Non-Transactional Fees,,,,,0,0,0,0,0,0,0,0,0,0,0,76.7,0,76.7
16 Nov 2025 3:08:34 am UTC,25964621062,Refund,407-2226912-0969151,E7-J9WL-9B1N,"KEAT Hand Feeding Formula with Syringe for All Baby Birds - 250 Gram | Natural Bird Feeding | Hand Rearing Powder Food for Cockatiel, Lovebirds, Parro",1,amazon.in,Cash On Delivery Transactions and Non-Transactional Fees,Merchant,P GANNAVARAM,ANDHRA PRADESH,533240,-240,0,0,0,0,0,0,0,0,0,0,7.08,0,-232.92
22 Nov 2025 12:39:32 am UTC,26012038372,Transfer,,,To account ending with: 384,,,Cash On Delivery Transactions and Non-Transactional Fees,,,,,0,0,0,0,0,0,0,0,0,0,0,0,-879.38,-879.38
23 Nov 2025 3:54:50 am UTC,26012614602,Transfer,,,To account ending with: 384,,,Electronic Transactions (Credit Card/Net Banking/GC),,,,,0,0,0,0,0,0,0,0,0,0,0,0,"-2,482.89","-2,482.89"
24 Nov 2025 11:26:01 pm UTC,26012614602,Order,171-5912858-1727531,2I-2UOE-E5XV,"KEAT Hand Feeding Formula with Syringe for All Baby Birds - 250 Gram | Natural Bird Feeding | Hand Rearing Powder Food for Cockatiel, Lovebirds, Parro",1,amazon.in,Electronic Transactions (Credit Card/Net Banking/GC),Merchant,KOLKATA,WEST BENGAL,700039,240,0,0,0,0,0,0,0,0,0,0,-7.08,0,232.92
26 Nov 2025 7:27:38 am UTC,26012614602,Order,403-2621855-4065949,OX-A55Y-ROG1,"Hand Feeding Formula for All Baby Birds | Natural Bird Feeding | Hand Rearing Powder Food for Cockatiel, Lovebirds, Parrot. Sunconure Growth Formula |",1,amazon.in,Electronic Transactions (Credit Card/Net Banking/GC),Merchant,CHENNAI,TAMIL NADU,600045,379,0,0,-18.95,0,0,0,0,0,-48.86,0,-12.98,0,298.21
26 Nov 2025 6:54:24 pm UTC,26012614602,Shipping Services,403-2621855-4065949,,Easy Ship weight handling fees,,Amazon.in,Electronic Transactions (Credit Card/Net Banking/GC),Merchant,,,,0,0,0,0,0,0,0,0,0,0,0,-100.3,0,-100.3
26 Nov 2025 8:00:00 pm UTC,26012038372,Shipping Services,404-2477115-8299528,,Easy Ship weight handling fees,,Amazon.in,Cash On Delivery Transactions and Non-Transactional Fees,Merchant,,,,0,0,0,0,0,0,0,0,0,0,0,-76.7,0,-76.7
26 Nov 2025 8:38:56 pm UTC,26012614602,Shipping Services,171-5912858-1727531,,Easy Ship weight handling fees,,Amazon.in,Electronic Transactions (Credit Card/Net Banking/GC),Merchant,,,,0,0,0,0,0,0,0,0,0,0,0,-76.7,0,-76.7
26 Nov 2025 11:07:05 pm UTC,26012614602,Order,404-2333651-2013942,Hand-Feeding-Feedings-Pack-2,"KEAT Bird Feeding Syringe 6ml with Curved Tip | Hand Feeding Tool for Birds, Parrots, Pigeons & Small Pets | Reusable & Easy to Clean Bird Feeder",1,amazon.in,Electronic Transactions (Credit Card/Net Banking/GC),Merchant,PERAVURANI,TAMIL NADU,614802,149,0,0,0,0,0,0,0,0,0,0,-7.08,0,141.92
27 Nov 2025 3:21:42 am UTC,26012614602,Order,408-1136891-8813954,2I-2UOE-E5XV,"KEAT Hand Feeding Formula with Syringe for All Baby Birds - 250 Gram | Natural Bird Feeding | Hand Rearing Powder Food for Cockatiel, Lovebirds, Parro",1,amazon.in,Electronic Transactions (Credit Card/Net Banking/GC),Merchant,Pulivendla,ANDHRA PRADESH,516390,240,0,0,0,0,0,0,0,0,0,0,-7.08,0,232.92
27 Nov 2025 7:48:08 am UTC,26012038372,Refund,404-2477115-8299528,Hand-Feeding-Feedings-Pack-4,"KEAT Bird Feeding Syringe 6ml with Curved Tip | Hand Feeding Tool for Birds, Parrots, Pigeons, Lovebirds & Small Pets | Reusable, Durable & Easy to Cl",1,amazon.in,Cash On Delivery Transactions and Non-Transactional Fees,Merchant,NEYYATTINKARA,KERALA,695122,-199,0,0,0,0,0,0,0,0,-53.1,0,0,0,-252.1
27 Nov 2025 8:02:30 am UTC,26012038372,Order,404-2477115-8299528,Hand-Feeding-Feedings-Pack-4,"KEAT Bird Feeding Syringe 6ml with Curved Tip | Hand Feeding Tool for Birds, Parrots, Pigeons, Lovebirds & Small Pets | Reusable, Durable & Easy to Cl",1,amazon.in,Cash On Delivery Transactions and Non-Transactional Fees,Merchant,NEYYATTINKARA,KERALA,695122,199,0,0,0,0,0,0,0,0,0,0,-7.08,0,191.92
27 Nov 2025 8:38:16 pm UTC,26012614602,Shipping Services,171-6631593-8394740,,Easy Ship weight handling fees,,Amazon.in,Electronic Transactions (Credit Card/Net Banking/GC),Merchant,,,,0,0,0,0,0,0,0,0,0,0,0,-71.98,0,-71.98
27 Nov 2025 10:36:56 pm UTC,26012614602,Shipping Services,408-1136891-8813954,,Easy Ship weight handling fees,,Amazon.in,Electronic Transactions (Credit Card/Net Banking/GC),Merchant,,,,0,0,0,0,0,0,0,0,0,0,0,-76.7,0,-76.7
27 Nov 2025 10:49:43 pm UTC,26012614602,Shipping Services,404-2333651-2013942,,Easy Ship weight handling fees,,Amazon.in,Electronic Transactions (Credit Card/Net Banking/GC),Merchant,,,,0,0,0,0,0,0,0,0,0,0,0,-76.7,0,-76.7
28 Nov 2025 10:00:36 pm UTC,26056541822,Order,171-6631593-8394740,OX-A55Y-ROG1,"Hand Feeding Formula for All Baby Birds | Natural Bird Feeding | Hand Rearing Powder Food for Cockatiel, Lovebirds, Parrot. Sunconure Growth Formula |",1,amazon.in,Electronic Transactions (Credit Card/Net Banking/GC),Merchant,HYDERABAD,TELANGANA,502300,379,0,0,0,0,0,0,0,0,-51.44,0,-12.98,0,314.58
28 Nov 2025 10:33:11 pm UTC,26055943932,Shipping Services,171-5906126-1217941,,Easy Ship weight handling fees,,Amazon.in,Cash On Delivery Transactions and Non-Transactional Fees,Merchant,,,,0,0,0,0,0,0,0,0,0,0,0,-76.7,0,-76.7
29 Nov 2025 12:21:25 am UTC,26055943932,Order,171-5906126-1217941,Hand-Feeding-Feedings-Pack-2,"KEAT Bird Feeding Syringe 6ml with Curved Tip | Hand Feeding Tool for Birds, Parrots, Pigeons & Small Pets | Reusable & Easy to Clean Bird Feeder",1,amazon.in,Cash On Delivery Transactions and Non-Transactional Fees,Merchant,AHMEDABAD,GUJARAT,380028,149,0,0,0,0,0,0,0,0,0,0,-7.08,0,141.92
29 Nov 2025 12:38:30 am UTC,26056541822,Transfer,,,To account ending with: 384,,,Electronic Transactions (Credit Card/Net Banking/GC),,,,,0,0,0,0,0,0,0,0,0,0,0,0,-667.51,-667.51
29 Nov 2025 12:39:35 am UTC,26055943932,Transfer,,,To account ending with: 384,,,Cash On Delivery Transactions and Non-Transactional Fees,,,,,0,0,0,0,0,0,0,0,0,0,0,0,-278.01,-278.01
29 Nov 2025 8:30:21 pm UTC,26056541822,Refund,405-5466494-9179551,2I-2UOE-E5XV,"KEAT Hand Feeding Formula with Syringe for All Baby Birds - 250 Gram | Natural Bird Feeding | Hand Rearing Powder Food for Cockatiel, Lovebirds, Parro",1,amazon.in,Electronic Transactions (Credit Card/Net Banking/GC),Merchant,Hyderabad,TELANGANA,500008,-240,0,0,0,0,0,0,0,0,0,0,7.08,0,-232.92
29 Nov 2025 10:23:58 pm UTC,26056541822,Order,405-5466494-9179551,2I-2UOE-E5XV,"KEAT Hand Feeding Formula with Syringe for All Baby Birds - 250 Gram | Natural Bird Feeding | Hand Rearing Powder Food for Cockatiel, Lovebirds, Parro",1,amazon.in,Electronic Transactions (Credit Card/Net Banking/GC),Merchant,Hyderabad,TELANGANA,500008,240,0,0,0,0,0,0,0,0,0,0,-7.08,0,232.92
29 Nov 2025 10:28:45 pm UTC,26055943932,Order,171-1354732-2292332,2I-2UOE-E5XV,"KEAT Hand Feeding Formula with Syringe for All Baby Birds - 250 Gram | Natural Bird Feeding | Hand Rearing Powder Food for Cockatiel, Lovebirds, Parro",1,amazon.in,Cash On Delivery Transactions and Non-Transactional Fees,Merchant,JAMMU,JAMMU & KASHMIR,180001,240,0,0,0,0,0,0,0,0,0,0,-7.08,0,232.92
29 Nov 2025 10:29:29 pm UTC,26056541822,Shipping Services,405-5466494-9179551,,Easy Ship weight handling fees,,Amazon.in,Electronic Transactions (Credit Card/Net Banking/GC),Merchant,,,,0,0,0,0,0,0,0,0,0,0,0,-76.7,0,-76.7
22 Nov 2025 6:13:28 pm UTC,26056541822,Shipping Services,405-5466494-9179551,,Amazon Easy Ship Weight Handling Fee Reversal,,Amazon.in,Electronic Transactions (Credit Card/Net Banking/GC),,,,,0,0,0,0,0,0,0,0,0,0,0,76.7,0,76.7
29 Nov 2025 11:39:06 pm UTC,26055943932,Shipping Services,171-1354732-2292332,,Easy Ship weight handling fees,,Amazon.in,Cash On Delivery Transactions and Non-Transactional Fees,Merchant,,,,0,0,0,0,0,0,0,0,0,0,0,-76.7,0,-76.7
30 Nov 2025 6:03:53 am UTC,26055943932,Order,404-6163259-2035560,QK-0VOR-3FD1,"Hand Feeding Formula for All Baby Birds | Natural Bird Feeding | Hand Rearing Powder Food for Cockatiel, Lovebirds, Parrot. Sunconure Growth Formula |",1,amazon.in,Cash On Delivery Transactions and Non-Transactional Fees,Merchant,PATIALA,PUNJAB,147002,899,0,0,0,0,0,0,0,0,-122,0,-40.12,0,736.88
